[
{
    "model": "library_app.genre",
    "pk": 3,
    "fields": {
        "name": "Mystery"
    }
},
{
    "model": "library_app.genre",
    "pk": 4,
    "fields": {
        "name": "Horror"
    }
},
{
    "model": "library_app.genre",
    "pk": 5,
    "fields": {
        "name": "Historical"
    }
},
{
    "model": "library_app.genre",
    "pk": 6,
    "fields": {
        "name": "Romance"
    }
},
{
    "model": "library_app.genre",
    "pk": 7,
    "fields": {
        "name": "Detective"
    }
},
{
    "model": "library_app.genre",
    "pk": 8,
    "fields": {
        "name": "Action"
    }
},
{
    "model": "library_app.genre",
    "pk": 9,
    "fields": {
        "name": "Adventures"
    }
},
{
    "model": "library_app.genre",
    "pk": 10,
    "fields": {
        "name": "Classics"
    }
},
{
    "model": "library_app.genre",
    "pk": 11,
    "fields": {
        "name": "Comic"
    }
},
{
    "model": "library_app.genre",
    "pk": 12,
    "fields": {
        "name": "Fantasy"
    }
},
{
    "model": "library_app.genre",
    "pk": 13,
    "fields": {
        "name": "Science Fiction"
    }
},
{
    "model": "library_app.genre",
    "pk": 14,
    "fields": {
        "name": "Short Stories"
    }
},
{
    "model": "library_app.genre",
    "pk": 15,
    "fields": {
        "name": "Thriller"
    }
},
{
    "model": "library_app.genre",
    "pk": 16,
    "fields": {
        "name": "Biography"
    }
},
{
    "model": "library_app.genre",
    "pk": 17,
    "fields": {
        "name": "Cookbooks"
    }
},
{
    "model": "library_app.genre",
    "pk": 18,
    "fields": {
        "name": "Essays"
    }
},
{
    "model": "library_app.genre",
    "pk": 19,
    "fields": {
        "name": "Poetry"
    }
},
{
    "model": "library_app.genre",
    "pk": 20,
    "fields": {
        "name": "Novel"
    }
},
{
    "model": "library_app.genre",
    "pk": 21,
    "fields": {
        "name": "Tragedy"
    }
},
{
    "model": "library_app.genre",
    "pk": 22,
    "fields": {
        "name": "Erotic"
    }
},
{
    "model": "library_app.language",
    "pk": 1,
    "fields": {
        "name": "English"
    }
},
{
    "model": "library_app.language",
    "pk": 2,
    "fields": {
        "name": "Kyrgyz"
    }
},
{
    "model": "library_app.language",
    "pk": 3,
    "fields": {
        "name": "Russian"
    }
},
{
    "model": "library_app.language",
    "pk": 4,
    "fields": {
        "name": "French"
    }
},
{
    "model": "library_app.language",
    "pk": 5,
    "fields": {
        "name": "Korean"
    }
},
{
    "model": "library_app.language",
    "pk": 6,
    "fields": {
        "name": "Turkish"
    }
},
{
    "model": "library_app.language",
    "pk": 7,
    "fields": {
        "name": "Uzbek"
    }
},
{
    "model": "library_app.language",
    "pk": 8,
    "fields": {
        "name": "Spanish"
    }
},
{
    "model": "library_app.language",
    "pk": 9,
    "fields": {
        "name": "Japanese"
    }
},
{
    "model": "library_app.language",
    "pk": 10,
    "fields": {
        "name": "Kazakh"
    }
},
{
    "model": "library_app.language",
    "pk": 11,
    "fields": {
        "name": "German"
    }
},
{
    "model": "library_app.book",
    "pk": 1,
    "fields": {
        "title": "The Strangers in the House",
        "isbn": "1-59017-194-2",
        "author": 5,
        "language": 4,
        "year": 1940,
        "genre": [
            20
        ]
    }
},
{
    "model": "library_app.book",
    "pk": 2,
    "fields": {
        "title": "Maigret and the Ghost",
        "isbn": "0-14-118727-1",
        "author": 5,
        "language": 1,
        "year": 1964,
        "genre": [
            4,
            3
        ]
    }
},
{
    "model": "library_app.book",
    "pk": 3,
    "fields": {
        "title": "Venus and Adonis",
        "isbn": "0-14-118727-2",
        "author": 1,
        "language": 1,
        "year": 1593,
        "genre": [
            11,
            22,
            21
        ]
    }
},
{
    "model": "library_app.book",
    "pk": 4,
    "fields": {
        "title": "Hamlet",
        "isbn": "1-59017-194-3",
        "author": 1,
        "language": 1,
        "year": 1600,
        "genre": [
            8,
            19
        ]
    }
},
{
    "model": "library_app.book",
    "pk": 5,
    "fields": {
        "title": "Romeo and Juliet",
        "isbn": "1-59017-194-4",
        "author": 1,
        "language": 1,
        "year": 1597,
        "genre": [
            10,
            6,
            21
        ]
    }
},
{
    "model": "library_app.book",
    "pk": 6,
    "fields": {
        "title": "King Lear",
        "isbn": "1-59017-194-5",
        "author": 1,
        "language": 1,
        "year": 1623,
        "genre": [
            21
        ]
    }
},
{
    "model": "library_app.book",
    "pk": 7,
    "fields": {
        "title": "The Mysterious Affair at Styles",
        "isbn": "2-14-118727-2",
        "author": 2,
        "language": 8,
        "year": 1921,
        "genre": [
            3
        ]
    }
},
{
    "model": "library_app.book",
    "pk": 8,
    "fields": {
        "title": "Royal",
        "isbn": "3-59017-194-9",
        "author": 4,
        "language": 4,
        "year": 2020,
        "genre": [
            16
        ]
    }
},
{
    "model": "library_app.book",
    "pk": 9,
    "fields": {
        "title": "Dangerous Experiment",
        "isbn": "1-59017-194-7",
        "author": 3,
        "language": 1,
        "year": 1936,
        "genre": [
            7,
            12
        ]
    }
},
{
    "model": "library_app.book",
    "pk": 10,
    "fields": {
        "title": "Джамиля",
        "isbn": "6-59087-194-1",
        "author": 7,
        "language": 2,
        "year": 1958,
        "genre": [
            19
        ]
    }
},
{
    "model": "library_app.book",
    "pk": 11,
    "fields": {
        "title": "Первый учитель",
        "isbn": "6-59017-194-5",
        "author": 7,
        "language": 2,
        "year": 1961,
        "genre": [
            20
        ]
    }
},
{
    "model": "library_app.book",
    "pk": 12,
    "fields": {
        "title": "Я - Тянь-Шань",
        "isbn": "6-59017-194-4",
        "author": 7,
        "language": 2,
        "year": 1972,
        "genre": [
            16,
            10
        ]
    }
},
{
    "model": "library_app.book",
    "pk": 13,
    "fields": {
        "title": "Таң алдында",
        "isbn": "1-59017-789-5",
        "author": 6,
        "language": 2,
        "year": 1963,
        "genre": [
            18
        ]
    }
},
{
    "model": "library_app.author",
    "pk": 1,
    "fields": {
        "name": "William",
        "surname": "Shakespeare",
        "date_of_birth": "1564-04-26",
        "date_of_death": "1616-04-23"
    }
},
{
    "model": "library_app.author",
    "pk": 2,
    "fields": {
        "name": "Agatha",
        "surname": "Christie",
        "date_of_birth": "1890-09-15",
        "date_of_death": "1976-01-12"
    }
},
{
    "model": "library_app.author",
    "pk": 3,
    "fields": {
        "name": "Barbara",
        "surname": "Cartland",
        "date_of_birth": "1901-07-09",
        "date_of_death": "2000-05-21"
    }
},
{
    "model": "library_app.author",
    "pk": 4,
    "fields": {
        "name": "Danielle",
        "surname": "Steel",
        "date_of_birth": "1947-08-14",
        "date_of_death": null
    }
},
{
    "model": "library_app.author",
    "pk": 5,
    "fields": {
        "name": "Georges",
        "surname": "Simenon",
        "date_of_birth": "1903-02-13",
        "date_of_death": "1989-09-04"
    }
},
{
    "model": "library_app.author",
    "pk": 6,
    "fields": {
        "name": "Aaly",
        "surname": "Tokombaev",
        "date_of_birth": "1904-12-02",
        "date_of_death": "1988-07-14"
    }
},
{
    "model": "library_app.author",
    "pk": 7,
    "fields": {
        "name": "Chyngyz",
        "surname": "Aitmatov",
        "date_of_birth": "1928-12-12",
        "date_of_death": "2008-06-10"
    }
},
{
    "model": "library_app.bookprofile",
    "pk": 1,
    "fields": {
        "book": 1,
        "publisher": 3,
        "book_amount": 5,
        "book_amount_total": 5,
        "days_amount": 10
    }
},
{
    "model": "library_app.bookprofile",
    "pk": 2,
    "fields": {
        "book": 2,
        "publisher": 1,
        "book_amount": 10,
        "book_amount_total": 10,
        "days_amount": 30
    }
},
{
    "model": "library_app.bookprofile",
    "pk": 3,
    "fields": {
        "book": 4,
        "publisher": 1,
        "book_amount": 1,
        "book_amount_total": 1,
        "days_amount": 3
    }
},
{
    "model": "library_app.bookprofile",
    "pk": 4,
    "fields": {
        "book": 6,
        "publisher": 2,
        "book_amount": 2,
        "book_amount_total": 2,
        "days_amount": 6
    }
},
{
    "model": "library_app.bookprofile",
    "pk": 5,
    "fields": {
        "book": 5,
        "publisher": 1,
        "book_amount": 1,
        "book_amount_total": 1,
        "days_amount": 1
    }
},
{
    "model": "library_app.bookprofile",
    "pk": 6,
    "fields": {
        "book": 3,
        "publisher": 3,
        "book_amount": 3,
        "book_amount_total": 3,
        "days_amount": 12
    }
},
{
    "model": "library_app.bookprofile",
    "pk": 7,
    "fields": {
        "book": 9,
        "publisher": 2,
        "book_amount": 3,
        "book_amount_total": 3,
        "days_amount": 4
    }
},
{
    "model": "library_app.bookprofile",
    "pk": 8,
    "fields": {
        "book": 8,
        "publisher": 8,
        "book_amount": 5,
        "book_amount_total": 5,
        "days_amount": 15
    }
},
{
    "model": "library_app.bookprofile",
    "pk": 9,
    "fields": {
        "book": 13,
        "publisher": 5,
        "book_amount": 2,
        "book_amount_total": 2,
        "days_amount": 2
    }
},
{
    "model": "library_app.bookprofile",
    "pk": 10,
    "fields": {
        "book": 10,
        "publisher": 7,
        "book_amount": 1,
        "book_amount_total": 1,
        "days_amount": 1
    }
},
{
    "model": "library_app.bookprofile",
    "pk": 11,
    "fields": {
        "book": 12,
        "publisher": 4,
        "book_amount": 5,
        "book_amount_total": 5,
        "days_amount": 2
    }
},
{
    "model": "library_app.publisher",
    "pk": 1,
    "fields": {
        "name": "Penguin Classics UK"
    }
},
{
    "model": "library_app.publisher",
    "pk": 2,
    "fields": {
        "name": "Jacques Haumont"
    }
},
{
    "model": "library_app.publisher",
    "pk": 3,
    "fields": {
        "name": "New York Review Books Classics"
    }
},
{
    "model": "library_app.publisher",
    "pk": 4,
    "fields": {
        "name": "Ортоазкитеп"
    }
},
{
    "model": "library_app.publisher",
    "pk": 5,
    "fields": {
        "name": "Кыргызмамбас"
    }
},
{
    "model": "library_app.publisher",
    "pk": 6,
    "fields": {
        "name": "Мектеп"
    }
},
{
    "model": "library_app.publisher",
    "pk": 7,
    "fields": {
        "name": "Кыргызстан"
    }
},
{
    "model": "library_app.publisher",
    "pk": 8,
    "fields": {
        "name": "American foundation"
    }
},
{
    "model": "library_app.borrower",
    "pk": 6,
    "fields": {
        "reader": 2,
        "book": 10,
        "issue_date": "2021-02-12",
        "created": "2021-02-12T12:13:00.142Z"
    }
}
]
